,City,Latitude,Temperature,Humidity,Cloudiness,Wind Speed,Country,City Date
0,Lompoc,34.6391,66.11,78,20,10.36,US,1635626839
1,Ushuaia,-54.8,51.46,50,0,19.57,AR,1635627213
2,Albany,42.6001,56.12,89,91,6.44,US,1635627139
3,Cape Town,-33.9258,61.61,79,0,1.01,ZA,1635627222
4,Séguéla,7.9611,75.43,79,95,2.8,CI,1635627430
5,Suntar,62.1444,26.64,86,100,8.43,RU,1635627431
6,George Town,5.4112,77.34,93,20,1.99,MY,1635626849
7,Dudinka,69.4058,11.16,96,100,4.14,RU,1635627434
8,Gibara,21.1097,84.81,67,97,3.47,CU,1635627436
9,Avarua,-21.2078,75.25,60,20,13.8,CK,1635627249
10,Chaoyang,41.5703,42.84,70,100,11.23,CN,1635627438
11,Teya,60.3778,18.41,83,99,12.82,RU,1635627439
12,Vanimo,-2.6741,77.77,89,95,4.34,PG,1635627442
13,Nanortalik,60.1432,34.38,73,46,2.89,GL,1635626855
14,Hilo,19.7297,78.08,82,0,3.0,US,1635627198
15,Sorong,-0.8833,78.04,86,46,5.7,ID,1635627445
16,Bayir,37.2687,52.32,81,100,3.91,TR,1635627446
17,Lebu,-37.6167,55.06,73,100,15.05,CL,1635627448
18,Teguise,29.0605,66.42,78,0,8.05,ES,1635627450
19,Rikitea,-23.1203,75.02,85,73,21.88,PF,1635627212
20,Punta Arenas,-53.15,53.71,40,0,17.27,CL,1635627452
21,Pimenta Bueno,-11.6725,80.15,68,99,5.21,BR,1635627454
22,Clyde River,70.4692,28.63,100,90,23.02,CA,1635627455
23,Nara,34.6851,59.11,73,92,3.0,JP,1635627344
24,New Norfolk,-42.7826,52.39,57,85,3.0,AU,1635627459
25,Lázaro Cárdenas,17.9583,83.43,70,1,6.13,MX,1635627460
26,Isangel,-19.55,79.07,70,0,4.54,VU,1635627462
27,Beringovskiy,63.05,5.79,97,97,17.85,RU,1635626878
28,Kaeo,-35.1,63.32,93,100,7.25,NZ,1635627465
29,El Jícaro,14.9167,83.73,74,97,3.96,GT,1635627466
30,Lorengau,-2.0226,82.44,79,89,6.8,PG,1635626918
31,Bambous Virieux,-20.3428,71.85,88,20,3.44,MU,1635627468
32,Hobart,-42.8794,54.21,62,75,5.01,AU,1635627175
33,Port Alfred,-33.5906,64.94,86,79,6.49,ZA,1635627240
34,Barrow,71.2906,16.72,93,93,1.14,US,1635627214
35,Coyhaique,-45.5752,62.55,20,0,10.36,CL,1635626938
36,Jamestown,42.097,53.08,85,90,3.0,US,1635627319
37,San Miguel de Tucumán,-26.8241,95.0,26,20,6.91,AR,1635627015
38,Xihe,31.6864,60.49,55,92,1.74,CN,1635627477
39,Busselton,-33.65,43.05,90,92,5.73,AU,1635627257
40,Bonavista,48.6499,44.6,68,1,3.44,CA,1635627018
41,Gulariyā,28.2333,63.5,83,0,1.79,NP,1635627482
42,East London,-33.0153,64.81,85,80,7.4,ZA,1635627348
43,Ilulissat,69.2167,30.63,79,100,8.99,GL,1635627228
44,São João da Barra,-21.6403,71.69,89,100,12.08,BR,1635627288
45,Ust-Maya,60.4167,-6.83,100,63,0.87,RU,1635627162
46,Leningradskiy,69.3833,-1.48,96,99,6.33,RU,1635627246
47,Kaitangata,-46.2817,58.05,57,100,5.86,NZ,1635627239
48,Hualmay,-11.0964,66.94,73,88,7.43,PE,1635627284
49,Atuona,-9.8,78.08,66,4,16.06,PF,1635627390
50,Ararat,39.8317,48.54,74,95,1.07,AM,1635627494
51,Jiayuguan City,39.8167,36.95,42,41,5.19,CN,1635627496
52,Narsaq,60.9167,30.42,68,92,4.85,GL,1635626899
53,Fortuna,40.5982,61.34,73,75,1.99,US,1635627155
54,Pisco,-13.7,66.25,77,0,12.66,PE,1635627201
55,Hong Kong,22.2855,73.09,84,97,1.99,HK,1635627240
56,Along,28.1667,58.15,78,5,1.21,IN,1635627501
57,Arraial do Cabo,-22.9661,73.26,83,75,10.36,BR,1635627503
58,Mataura,-46.1927,57.43,57,100,12.01,NZ,1635627149
59,Tuktoyaktuk,69.4541,17.6,100,75,10.36,CA,1635627270
60,Butaritari,3.0707,82.44,72,29,6.11,KI,1635627283
61,Riverton,40.5219,65.71,41,1,1.99,US,1635627409
62,Mount Gambier,-37.8333,40.91,93,17,1.14,AU,1635627509
63,Derzhavīnsk,51.1,40.96,76,100,22.84,KZ,1635627510
64,Touros,-5.1989,83.3,77,66,18.03,BR,1635627433
65,Upernavik,72.7868,27.01,57,100,6.51,GL,1635627420
66,West Lake Stevens,47.9934,50.83,61,0,3.0,US,1635627514
67,Itacoatiara,-3.1431,90.27,48,61,1.66,BR,1635627445
68,Bluff,-46.6,52.92,85,93,22.17,NZ,1635627378
69,Neiafu,-18.65,79.48,69,75,9.22,TO,1635626944
70,Richards Bay,-28.783,63.21,86,70,7.34,ZA,1635627520
71,Mirny,62.5353,27.09,95,100,10.38,RU,1635627522
72,Filimonovo,56.2011,29.64,65,100,5.99,RU,1635627523
73,Fairbanks,64.8378,33.21,73,20,6.91,US,1635627479
74,Kautokeino,69.0125,28.8,98,100,7.31,NO,1635627526
75,Finnsnes,69.2296,34.41,96,100,3.94,NO,1635627528
76,Cidreira,-30.1811,68.47,86,28,22.84,BR,1635627254
77,Pevek,69.7008,-3.24,96,100,10.49,RU,1635627245
78,Bay Roberts,47.5999,43.88,83,0,1.01,CA,1635627532
79,Provideniya,64.3833,13.08,80,89,10.67,RU,1635627205
80,Tautira,-17.7333,82.42,76,41,16.62,PF,1635627292
81,Egvekinot,66.3167,0.5,90,100,10.78,RU,1635627499
82,Bandarbeyla,9.4942,78.42,79,80,12.59,SO,1635627538
83,Synya,65.3718,12.61,91,97,3.87,RU,1635627540
84,Tagusao,9.1924,79.48,83,52,3.44,PH,1635627542
85,Katsuura,35.1333,57.22,69,100,4.16,JP,1635627543
86,Hithadhoo,-0.6,83.08,74,100,19.35,MV,1635627276
87,Zyryanovsk,49.7386,37.22,95,100,2.21,KZ,1635627546
88,Saint-Philippe,-21.3585,69.31,79,86,3.85,RE,1635627185
89,Shache,38.4167,47.03,34,1,4.14,CN,1635627548
90,Lavrentiya,65.5833,12.16,79,34,6.24,RU,1635627430
91,Asău,46.4333,41.59,94,0,1.25,RO,1635627343
92,Pombas,17.1503,76.78,82,97,12.82,CV,1635627552
93,Pochutla,15.7432,84.81,65,49,7.09,MX,1635627297
94,Saquarema,-22.92,71.67,87,100,13.22,BR,1635627447
95,Mehamn,71.0357,38.7,76,92,6.33,NO,1635627005
96,Kwakoa,-3.7667,70.9,83,8,4.0,TZ,1635627557
97,Hofn,64.2539,42.78,85,100,13.0,IS,1635626744
98,Tiksi,71.6872,-0.63,95,96,8.37,RU,1635627560
99,Qaanaaq,77.484,2.01,54,0,8.72,GL,1635627306
100,Motygino,58.1831,24.53,61,95,8.52,RU,1635627564
101,Micheweni,-4.9667,77.67,80,15,8.3,TZ,1635627565
102,Balkanabat,39.5108,57.87,49,65,4.29,TM,1635627273
103,Yellowknife,62.456,30.56,81,40,8.99,CA,1635627161
104,Birjand,32.8663,48.67,25,0,4.61,IR,1635627455
105,Bengkulu,-3.8004,75.81,90,100,4.63,ID,1635627387
106,Vaini,-21.2,77.16,88,20,9.22,TO,1635627214
107,São Filipe,14.8961,79.9,75,78,11.74,CV,1635627304
108,Nikolskoye,59.7035,43.14,92,97,7.63,RU,1635627578
109,Marawi,7.9986,66.65,96,29,0.78,PH,1635627350
110,Umm Hājar,13.2954,86.18,16,21,9.95,TD,1635627581
111,Broome,42.2506,54.59,76,90,4.0,US,1635627156
112,Megion,61.0296,10.42,98,54,4.65,RU,1635627583
113,Malinyi,-8.9333,76.78,65,16,2.86,TZ,1635627585
114,Saint Paul Harbor,57.79,47.28,88,100,34.0,US,1635627306
115,Kiryat Gat,31.61,70.77,61,57,2.95,IL,1635627540
116,Bubaque,11.2833,78.98,79,100,5.19,GW,1635627588
117,Bilibino,68.0546,-9.42,100,100,1.57,RU,1635627063
118,Hermanus,-34.4187,59.81,85,75,8.46,ZA,1635627377
119,Dikson,73.5069,6.93,91,100,16.26,RU,1635627374
120,Anuradhapura,8.3565,74.37,95,100,2.91,LK,1635627593
121,Saint George,37.1041,74.97,32,16,1.01,US,1635627461
122,Alta Floresta,-9.8756,91.22,55,20,4.61,BR,1635627596
123,Sturgis,41.7992,51.13,2,100,8.86,US,1635627597
124,Saldanha,-33.0117,60.85,88,37,11.74,ZA,1635627599
125,Lanzhou,36.0564,33.08,61,100,1.52,CN,1635627600
126,Gorokhovets,56.1947,41.88,95,65,7.96,RU,1635627602
127,Chumikan,54.7183,16.3,81,9,9.69,RU,1635627604
128,Cazones de Herrera,20.7167,81.1,58,24,9.17,MX,1635627606
129,Ekpoma,6.7421,72.12,93,62,4.41,NG,1635627608
130,Ancud,-41.8697,62.13,48,0,2.62,CL,1635627569
131,Flin Flon,54.7682,37.17,61,99,9.89,CA,1635627611
132,Mombetsu,44.3525,43.05,61,100,4.38,JP,1635627613
133,Torbay,47.6666,44.01,73,20,2.3,CA,1635627211
134,Port Blair,11.6667,80.38,81,99,2.35,IN,1635627618
135,Venezuela,8.0,86.63,61,94,7.72,VE,1635627619
136,Ocampo,21.65,74.28,22,48,3.62,MX,1635627621
137,Westport,41.1415,58.93,92,75,5.01,US,1635627623
138,Yulara,-25.2406,57.04,94,100,8.05,AU,1635627214
139,Kavieng,-2.5744,82.65,77,50,12.86,PG,1635627466
140,Talcahuano,-36.7167,57.67,72,100,9.75,CL,1635627626
141,Khatanga,71.9667,-6.5,100,73,2.19,RU,1635627373
142,Moree,-29.4667,59.85,59,0,7.02,AU,1635627631
143,Harper,4.375,77.81,86,100,5.57,LR,1635627632
144,Tilichiki,60.4667,2.66,93,16,8.43,RU,1635627634
145,Srednekolymsk,67.45,-9.81,99,100,5.32,RU,1635627275
146,Pangnirtung,66.1451,33.1,99,100,8.84,CA,1635627636
147,Cabo San Lucas,22.8909,85.91,69,12,10.33,MX,1635627448
148,Itumba,-9.4,67.37,60,31,4.5,TZ,1635627639
149,Kapaa,22.0752,82.47,83,10,1.99,US,1635627402
150,Marzuq,14.4,74.26,56,95,3.87,YE,1635627641
151,Ponta do Sol,32.6667,70.75,76,31,6.96,PT,1635627380
152,Sangar,63.9242,-13.02,96,51,5.35,RU,1635627644
153,Morón,-34.6534,86.13,52,0,5.01,AR,1635627645
154,Vao,-22.6667,70.9,74,2,5.61,NC,1635627576
155,Constitución,-35.3333,63.86,64,100,14.12,CL,1635627621
156,Ihosy,-22.4,63.95,86,53,5.99,MG,1635627649
157,Impfondo,1.6381,74.19,82,77,0.87,CG,1635627651
158,Ouango,4.3133,70.95,94,63,1.9,CF,1635627652
159,Mahébourg,-20.4081,71.89,88,20,3.44,MU,1635627423
160,Kruisfontein,-34.0033,55.89,92,1,2.59,ZA,1635627265
161,Ust'-Omchug,61.15,0.63,97,100,7.4,RU,1635627655
162,Bontang,0.1333,77.18,87,99,1.61,ID,1635627633
163,Druskininkai,54.0167,50.07,69,2,10.69,LT,1635627552
164,Mar del Plata,-38.0023,60.53,85,99,10.0,AR,1635627614
165,Taoudenni,22.6783,87.01,25,1,6.82,ML,1635627567
166,Thompson,55.7435,37.56,75,90,11.5,CA,1635627213
167,Caravelas,-17.7125,74.17,85,93,6.62,BR,1635627664
168,Sindor,62.8629,31.26,99,100,2.86,RU,1635627665
169,Tuatapere,-46.1333,49.62,95,100,16.4,NZ,1635627374
170,Taywarah,33.35,36.45,31,4,4.36,AF,1635627215
171,Russell,32.3502,58.08,84,93,10.67,US,1635627671
172,Bethel,41.3712,57.2,90,75,3.44,US,1635627634
173,Severo-Kuril'sk,50.6789,40.5,86,78,11.41,RU,1635627567
174,Nouadhibou,20.931,69.78,83,2,12.66,MR,1635627520
175,Göksun,38.021,47.35,94,100,2.89,TR,1635627675
176,Puerto Escondido,15.85,84.04,73,85,6.6,MX,1635627677
177,Antalaha,-14.9003,72.75,87,65,5.12,MG,1635627678
178,Boa Viagem,-5.1275,85.23,47,99,2.15,BR,1635627680
179,Sedalia,38.7045,60.76,53,0,3.0,US,1635627682
180,Port Elizabeth,-33.918,58.1,93,4,3.42,ZA,1635627575
181,Dukat,62.55,-3.23,98,100,4.09,RU,1635627684
182,Puerto Ayora,-0.7393,72.19,81,94,9.22,EC,1635627686
183,Baykit,61.67,16.93,84,99,11.23,RU,1635627687
184,Faanui,-16.4833,78.13,69,15,16.46,PF,1635627689
185,Devonport,-41.1667,54.0,67,86,12.39,AU,1635627690
186,Skibbereen,51.55,51.6,92,100,27.45,IE,1635627692
187,Qūchān,37.106,46.44,50,61,2.75,IR,1635627694
188,Golden,39.7555,66.06,25,75,7.0,US,1635627603
189,Mossamedes,-15.1961,68.2,72,82,7.74,AO,1635627518
190,Nagato,34.3833,58.19,85,45,3.09,JP,1635627698
191,Sikonge,-5.6333,78.37,39,97,4.12,TZ,1635627699
192,Iberia,29.9502,70.12,52,1,11.5,US,1635627702
193,Fort Nelson,58.8053,41.83,32,7,3.29,CA,1635627634
194,Kouango,4.9934,73.6,90,93,1.32,CF,1635627704
195,Dali,25.7,53.17,89,24,3.53,CN,1635627706
196,Klaksvík,62.2266,47.32,91,100,12.46,FO,1635627244
197,Opuwo,-18.0607,73.2,22,12,8.37,NA,1635627709
198,Oodweyne,9.4092,71.55,60,3,7.34,SO,1635627711
199,Cherskiy,68.75,-0.96,98,100,5.77,RU,1635627349
200,Muaná,-1.5283,83.21,69,46,6.6,BR,1635627715
201,Chokurdakh,70.6333,1.13,97,100,5.77,RU,1635627607
202,Saskylakh,71.9167,9.75,93,100,11.63,RU,1635627439
203,Erzin,36.9559,66.72,71,66,6.51,TR,1635627718
204,Bredasdorp,-34.5322,56.52,88,67,2.3,ZA,1635627232
205,Ahipara,-35.1667,62.13,89,100,8.01,NZ,1635627224
206,Peniche,39.3558,68.63,94,99,25.66,PT,1635627722
207,Methóni,36.8197,55.26,63,36,8.79,GR,1635627725
208,Carnarvon,-24.8667,66.27,68,0,12.66,AU,1635627449
209,Collingwood,44.4834,47.59,92,100,7.02,CA,1635627602
210,Sinnamary,5.3833,80.73,78,20,6.31,GF,1635627505
211,Adiaké,5.2863,80.19,88,95,5.48,CI,1635627731
212,Mormugao,15.4,79.88,76,99,3.44,IN,1635627717
213,Ciudad Arce,13.8403,79.11,68,98,2.84,SV,1635627733
214,Inhambane,-23.865,71.04,73,0,9.28,MZ,1635627445
215,Daru,-9.0763,80.08,85,96,8.41,PG,1635627530
216,Nome,64.5011,13.1,89,89,6.49,US,1635627293
217,Porto-Novo,6.4965,79.99,85,100,5.88,BJ,1635627632
218,Playas,-2.6333,74.88,76,41,16.26,EC,1635627740
219,Lake Havasu City,34.4839,86.76,15,1,4.0,US,1635627742
220,Olenino,56.2092,45.07,82,10,9.8,RU,1635627743
221,Vardø,70.3705,38.75,74,94,7.7,NO,1635627552
222,Vila Velha,-20.3297,71.47,93,99,4.68,BR,1635627744
223,Presidente Epitácio,-21.7633,74.64,80,99,8.61,BR,1635627747
224,Namatanai,-3.6667,81.7,77,94,7.07,PG,1635627696
225,Emerald,-23.5333,74.34,41,30,23.02,AU,1635627749
226,Novyy Buh,47.6931,44.22,70,0,7.92,UA,1635627752
227,Pingdingshan,33.7385,60.35,70,96,2.77,CN,1635627703
228,Elmina,5.0898,79.03,86,90,10.58,GH,1635627754
229,Price,39.5994,58.46,41,1,0.0,US,1635627756
230,Lumphat,13.4878,73.26,86,15,6.11,KH,1635627757
231,Vila,42.0304,51.06,93,96,4.68,PT,1635627655
232,Darhan,49.4867,30.43,46,55,7.87,MN,1635627749
233,Elizabeth City,36.2946,64.98,61,75,4.0,US,1635627762
234,Hasaki,35.7333,52.2,61,75,6.49,JP,1635627548
235,Te Anau,-45.4167,47.35,94,100,4.14,NZ,1635627765
236,Bo Rai,12.5728,82.85,95,100,2.48,TH,1635627766
237,Chui,-33.6971,69.15,80,84,13.71,UY,1635627397
238,Boralday,43.3578,37.26,93,75,2.24,KZ,1635627769
239,Ponta Delgada,37.7333,72.32,94,75,13.8,PT,1635627770
240,Key West,24.5557,78.71,61,75,14.97,US,1635627773
241,Simbahan,6.3032,82.53,76,71,5.99,PH,1635627774
242,Sitka,57.0531,44.19,84,100,5.48,US,1635627583
243,Danilovka,50.3557,41.11,78,0,5.41,RU,1635627777
244,Mujiayingzi,42.1167,36.45,98,100,4.52,CN,1635627778
245,Krasnosel'kup,65.7,17.19,95,100,10.65,RU,1635627206
246,Champerico,14.3,84.87,77,100,7.34,GT,1635627372
247,Mahabalipuram,12.6264,80.65,84,100,9.75,IN,1635627782
248,Tasiilaq,65.6145,17.8,64,88,5.88,GL,1635627550
249,Sunland Park,31.7965,80.74,24,1,5.99,US,1635627785
250,Khandyga,62.6667,-8.27,100,100,1.03,RU,1635627787
251,Presidencia Roque Sáenz Peña,-26.7852,91.47,38,62,7.25,AR,1635627788
252,Los Llanos de Aridane,28.6585,63.12,73,0,3.0,ES,1635627790
253,Makkah al Mukarramah,21.4267,81.1,59,0,1.28,SA,1635627689
254,Kasongo-Lunda,-6.4667,70.97,96,100,0.74,CD,1635627734
255,Kalemie,-5.9475,71.55,85,55,7.27,CD,1635627794
256,Guerrero Negro,27.9769,75.4,51,0,11.5,MX,1635627795
257,Monte Alegre,-2.0078,84.49,63,14,4.18,BR,1635627796
258,Lagoa,39.05,69.46,91,100,21.47,PT,1635627214
259,Deputatsky,69.3,-6.99,98,99,5.08,RU,1635627580
260,Bam,29.106,69.08,25,9,4.88,IR,1635627800
261,Ji’an,27.1172,59.54,73,10,3.22,CN,1635627801
262,Chicama,-7.8447,63.14,66,27,9.15,PE,1635627803
263,Uşak Province,38.5,52.05,61,12,7.72,TR,1635627804
264,Gandajika,-6.75,71.35,81,97,0.81,CD,1635627806
265,Belaya Gora,68.5333,0.5,98,99,3.89,RU,1635627808
266,Longyearbyen,78.2186,17.8,83,95,2.62,SJ,1635627376
267,Aitape,-3.1374,79.02,87,13,3.71,PG,1635627810
268,Ketchikan,55.3422,45.01,82,91,4.36,US,1635627602
269,Chapais,49.7834,45.79,58,94,6.8,CA,1635627717
270,Sobolevo,54.4299,42.85,80,17,9.37,RU,1635627545
271,Emure,7.4361,74.17,84,100,2.21,NG,1635627815
272,Rocha,-34.4833,70.21,80,100,9.53,UY,1635627489
273,Airai,-8.9266,61.43,91,32,1.16,TL,1635627554
274,Colonia Carlos Antonio López,-26.4,72.41,93,100,0.67,PY,1635627820
275,Coquimbo,-29.9533,60.53,77,20,8.05,CL,1635627821
276,Adré,13.4667,78.39,18,10,6.53,TD,1635627823
277,Caxito,-8.5785,76.8,83,95,4.7,AO,1635627825
278,Kavaratti,10.5669,81.77,72,77,0.83,IN,1635627430
279,Charters Towers,-20.1,75.45,76,13,7.18,AU,1635627827
280,Necochea,-38.5473,56.03,77,100,18.86,AR,1635627660
281,Norman Wells,65.282,19.44,93,90,4.61,CA,1635627831
282,Acapulco de Juárez,16.8634,84.49,71,19,8.39,MX,1635627154
283,Lodwar,3.1191,85.21,44,79,14.58,KE,1635627833
284,Borovoy,55.4333,22.28,79,0,6.71,RU,1635627835
285,Camacha,33.0833,69.21,83,20,10.36,PT,1635627836
286,Vokhma,58.9303,42.48,96,100,6.06,RU,1635627838
287,Amapá,1.0,72.37,98,100,4.16,BR,1635627337
288,Karlstad,59.3793,48.76,100,90,9.22,SE,1635627840
289,Olden,61.8364,46.99,82,100,10.27,NO,1635627843
290,Oak Ridge,36.0104,54.95,88,90,5.75,US,1635627610
291,Gualaco,15.05,89.44,82,92,4.0,HN,1635627846
292,Saint-Augustin,51.226,45.72,57,4,5.32,CA,1635627268
293,Berehove,48.2056,49.21,66,3,3.83,UA,1635627734
294,Slyudyanka,51.6594,34.79,74,84,4.68,RU,1635627849
295,Kamaishi,39.2667,53.02,79,100,6.49,JP,1635627851
296,Sur,22.5667,80.8,51,2,3.98,OM,1635627515
297,Buala,-8.145,82.71,76,88,9.98,SB,1635627558
298,Lundazi,-12.2929,71.49,24,10,6.91,ZM,1635627854
299,Quesnel,52.9999,43.83,30,6,1.66,CA,1635627842
300,Ziway,7.9333,61.43,42,69,7.7,ET,1635627857
301,Puerto Quijarro,-17.7833,97.86,31,40,4.09,BO,1635627858
302,Port Hardy,50.6996,45.43,53,63,4.83,CA,1635627634
303,Murray Bridge,-35.1167,50.45,74,0,5.79,AU,1635627862
304,Pelym,61.0108,16.57,99,80,3.65,RU,1635627863
305,Uíge,-7.6087,67.89,98,100,2.19,AO,1635627856
306,Polyarny,69.1989,23.47,87,100,4.56,RU,1635627866
307,Hīt,33.6416,79.43,39,100,11.56,IQ,1635627867
308,Portland,45.5234,58.82,40,0,4.0,US,1635627605
309,Sola,-13.8833,81.05,69,3,16.82,VU,1635627293
310,Rājmahal,25.05,70.81,52,62,3.71,IN,1635627872
311,Dingle,10.9995,74.57,91,98,8.23,PH,1635627319
312,Sydney,-33.8679,55.98,69,40,7.0,AU,1635627362
313,Kjøpsvik,68.097,43.39,92,100,7.45,NO,1635627877
314,Mitsamiouli,-11.3847,77.65,77,3,9.91,KM,1635627878
315,Yangambi,0.8102,70.43,98,29,2.06,CD,1635627880
316,Carman,49.4992,47.89,34,2,17.38,CA,1635627621
317,Hāgere Selam,6.4833,45.41,83,93,4.36,ET,1635627883
318,Mandalgovi,45.7625,27.57,78,19,7.05,MN,1635627884
319,Half Moon Bay,37.4636,63.46,83,90,1.01,US,1635627633
320,Karratha,-20.7377,72.07,70,0,4.85,AU,1635627269
321,Avera,33.194,60.37,67,100,14.56,US,1635627888
322,Verāval,20.9,76.41,44,93,9.69,IN,1635627890
323,Marabu,4.4148,76.71,91,73,3.38,MY,1635627891
324,Mount Isa,-20.7333,74.97,25,40,12.66,AU,1635627609
325,Castro,-24.7911,64.35,90,82,10.18,BR,1635627410
326,Kieta,-6.2167,80.24,82,96,4.61,PG,1635627894
327,Rehoboth,-23.3167,68.94,15,0,7.4,NA,1635627744
328,São Luiz Gonzaga,-28.4083,66.85,89,98,7.43,BR,1635627897
329,Martapura,-3.4167,75.29,100,90,3.44,ID,1635627656
330,Kimbe,-5.5502,79.39,84,30,3.58,PG,1635627349
331,Roebourne,-20.7833,71.37,72,0,3.29,AU,1635627902
332,Belle Fourche,44.6714,42.15,72,100,14.2,US,1635627631
333,Takāb,36.4009,51.58,49,100,2.57,IR,1635627904
334,Lere,10.387,73.31,31,100,2.57,NG,1635627906
335,Fershampenuaz,53.5202,39.4,94,100,14.36,RU,1635627907
336,Guarapari,-20.6667,71.15,93,100,2.01,BR,1635627731
337,Naze,28.3667,67.42,78,1,7.14,JP,1635627812
338,Wamba,8.9333,75.72,70,100,3.29,NG,1635627752
339,Penzance,50.1186,51.01,78,100,24.94,GB,1635627775
340,Granadilla de Abona,28.1188,62.24,69,20,6.91,ES,1635627913
341,Angol,-37.8,75.4,37,100,6.15,CL,1635627697
342,Newport,51.5877,47.52,88,7,11.39,GB,1635627916
343,Belmonte,-15.8631,77.5,81,95,6.89,BR,1635627919
344,Bukama,-9.2,70.56,92,83,0.47,CD,1635627776
345,Nelson Bay,-32.7167,60.55,72,98,1.99,AU,1635627921
346,Flinders,-34.5833,53.11,84,0,1.01,AU,1635627817
347,Adrar,20.5022,82.53,21,100,15.97,MR,1635627561
348,Pacific Grove,36.6177,61.39,84,40,1.01,US,1635627925
349,Rurrenabaque,-14.4413,97.93,30,13,3.74,BO,1635627926
350,Atar,20.5169,85.46,25,100,3.09,MR,1635627447
351,Walvis Bay,-22.9575,57.09,88,1,6.51,NA,1635627762
352,Ribeira Grande,38.5167,70.74,89,100,16.37,PT,1635627930
353,Cantapoy,9.4906,79.25,81,95,7.11,PH,1635627931
354,Zhigansk,66.7697,-0.08,94,100,18.43,RU,1635627932
355,Manono,-7.3,70.2,96,83,2.28,CD,1635627934
356,Warman,52.3168,40.89,44,25,16.69,CA,1635627935
357,Grevesmühlen,53.8667,51.49,84,99,13.82,DE,1635627937
358,Puerto del Rosario,28.5004,69.55,78,0,8.05,ES,1635627938
359,Mokrous,51.2333,41.65,83,3,8.16,RU,1635627940
360,Belyy Yar,53.6039,36.86,66,0,13.42,RU,1635627765
361,Alihe,50.5667,25.02,50,0,1.66,CN,1635627619
362,Kirakira,-10.4544,83.52,72,81,10.78,SB,1635627944
363,Skjervøy,70.0311,41.14,69,100,9.57,NO,1635627945
364,Preobrazheniye,42.9019,48.72,91,91,5.84,RU,1635627362
365,Codrington,-38.2667,45.77,88,3,8.16,AU,1635627401
366,Bhawānipatna,19.9,71.17,91,100,1.54,IN,1635627949
367,Lüderitz,-26.6481,58.98,94,9,4.43,NA,1635627586
368,Zarechnyy,53.2036,45.32,50,19,6.85,RU,1635627951
369,Simpang,-1.2667,74.59,96,85,1.3,ID,1635627953
370,Viranşehir,37.2353,62.64,61,100,19.13,TR,1635627954
371,Sambava,-14.2667,74.43,87,79,7.87,MG,1635627956
372,East Stroudsburg,40.9995,60.4,85,56,3.71,US,1635627789
373,Havøysund,70.9963,34.68,66,100,8.39,NO,1635627959
374,Hambantota,6.1241,78.51,84,79,3.11,LK,1635627406
375,Shwebo,22.5667,71.44,96,68,5.7,MM,1635627962
376,Tessalit,20.1986,86.23,13,84,9.28,ML,1635627825
377,New Richmond,45.123,56.1,58,1,0.0,US,1635627965
378,Los Lunas,34.8062,74.37,22,0,1.01,US,1635627967
379,Myitkyina,25.3833,64.72,92,1,2.62,MM,1635627968
380,Le Vauclin,14.5452,84.25,65,20,13.8,MQ,1635627970
381,Margate,51.3813,49.55,82,75,1.01,GB,1635627676
382,Meiktila,20.8667,72.16,93,7,6.78,MM,1635627972
383,Río Gallegos,-51.6226,59.86,26,2,8.21,AR,1635627695
384,Arlit,18.7369,84.58,18,45,12.97,NE,1635627654
385,Arrondissement de Bastia,42.6667,63.1,86,90,8.05,FR,1635627976
386,Kismayo,-0.3582,78.53,84,8,11.5,SO,1635627646
387,Yerbogachën,61.2767,33.21,85,100,13.76,RU,1635627617
388,Chachapoyas,-6.2317,63.07,80,82,3.15,PE,1635627979
389,Ismailia,30.6043,71.04,73,76,6.96,EG,1635627981
390,Karlskrona,56.1616,46.85,81,100,11.01,SE,1635627982
391,Sibolga,1.7427,76.44,88,100,2.55,ID,1635627984
392,Rabo de Peixe,37.8,72.28,92,75,13.8,PT,1635627985
393,Porto Walter,-8.2686,85.96,53,99,2.66,BR,1635627986
394,Gaoyou,32.7858,54.93,70,63,4.99,CN,1635627988
395,Aklavik,68.2191,17.6,86,40,3.44,CA,1635627696
396,Pangkalanbuun,-2.6833,74.28,96,100,2.26,ID,1635627990
397,Paracuru,-3.41,80.11,76,31,9.89,BR,1635627787
398,Nehe,48.4833,27.21,49,14,9.62,CN,1635627993
399,Tonaya,19.7833,83.89,50,1,5.53,MX,1635627995
400,Superior,46.7208,50.86,70,1,6.91,US,1635627997
401,Svetlaya,46.5389,45.19,80,99,17.65,RU,1635627999
402,Bismarck,46.8083,50.83,49,40,17.27,US,1635627950
403,Jacareacanga,-6.2222,86.47,57,43,2.35,BR,1635627793
404,Sechura,-5.5569,73.8,60,17,15.88,PE,1635627459
405,Pouembout,-21.1333,77.43,63,2,2.17,NC,1635628003
406,Ormara,25.2088,79.99,62,2,10.13,PK,1635628005
407,Monopoli,40.9559,58.96,69,0,3.94,IT,1635628006
408,Langå,56.3903,51.55,80,100,12.37,DK,1635628008
409,Pizarro,4.9533,77.86,88,94,8.19,CO,1635628009
410,Minsk,53.9,46.15,77,53,11.9,BY,1635628011
411,Phaltan,17.9833,72.18,69,13,4.88,IN,1635628012
412,Doka,13.5167,83.46,36,32,2.3,SD,1635628014
413,Poso,-1.3959,76.06,84,69,3.71,ID,1635628015
414,Gao,16.6362,87.57,12,66,7.74,ML,1635628017
415,Verkhoyansk,67.5447,-14.31,100,53,2.46,RU,1635628018
416,Kisangani,0.5167,70.72,95,58,2.04,CD,1635628019
417,Kununurra,-15.7667,80.58,78,95,4.61,AU,1635627431
418,Adelaide,-34.9333,51.6,73,0,2.3,AU,1635627928
419,Taman',45.2117,48.52,72,0,22.08,RU,1635628023
420,Shakawe,-18.3667,80.49,39,23,2.48,BW,1635627735
421,Tazovsky,67.4667,9.16,94,100,14.65,RU,1635627578
422,Portree,57.4129,44.53,93,37,7.16,GB,1635628027
423,Quatre Cocos,-20.2078,70.09,78,38,7.27,MU,1635628028
424,Excelsior Springs,39.3392,63.91,39,1,4.61,US,1635627886
425,São Paulo de Olivença,-3.3783,84.65,75,96,2.01,BR,1635628031
426,Ballina,-28.8667,60.44,97,93,23.78,AU,1635628032
427,Port-Gentil,-0.7193,76.59,93,100,9.62,GA,1635628035
428,Yeppoon,-23.1333,74.98,74,23,3.42,AU,1635628036
429,Soubre,5.7856,73.54,98,100,2.73,CI,1635628038
430,Boguchany,58.3814,23.95,66,100,7.52,RU,1635628039
431,Kamina,-8.7386,64.92,95,96,4.41,CD,1635628041
432,Honggang,46.4667,32.85,36,100,14.43,CN,1635628042
433,Mariental,-24.6333,74.86,13,0,4.5,NA,1635628043
434,Solikamsk,59.6196,31.82,99,100,2.28,RU,1635628045
435,Linxia Chengguanzhen,35.6003,40.14,79,100,1.81,CN,1635628046
436,Jejūri,18.2833,70.0,68,6,5.1,IN,1635628048
437,Saint Paul,44.9444,58.23,58,1,1.01,US,1635627787
438,Umeå,63.8284,44.53,100,90,4.61,SE,1635628050
439,Grand Gaube,-20.0064,70.38,84,6,1.99,MU,1635628052
440,Vestmannaeyjar,63.4427,43.57,77,83,5.46,IS,1635627651
441,Phang Nga,8.4509,75.24,93,100,2.39,TH,1635628054
442,Puerto Colombia,10.9878,81.12,79,100,11.39,CO,1635628056
443,Fonte Boa,-2.4959,81.32,77,79,4.94,BR,1635628057
444,Makakilo City,21.3469,81.97,56,20,4.61,US,1635628059
445,Baruun-Urt,46.6806,20.8,40,20,2.84,MN,1635628060
446,City of San Pedro,14.35,78.93,78,64,12.37,PH,1635628062
447,San Patricio,28.017,79.97,17,0,2.17,US,1635628063
448,Okato,-39.2,56.68,67,41,14.61,NZ,1635628065
449,Ostrovnoy,68.0531,33.96,94,100,10.38,RU,1635627831
450,Olafsvik,64.8945,43.29,90,73,20.49,IS,1635627658
451,Baculin,7.4525,77.97,86,94,5.59,PH,1635628069
452,Pedernales,18.0384,85.21,63,37,8.43,DO,1635628071
453,Bathsheba,13.2167,84.81,65,20,14.97,BB,1635627366
454,El Retorno,2.3302,82.22,71,95,1.25,CO,1635628074
455,Lata,40.1629,62.55,98,100,3.51,PT,1635628075
456,Samaná,19.2056,83.37,62,5,7.29,DO,1635627709
457,Monforte de Lemos,42.5216,59.72,85,100,3.33,ES,1635628078
458,Kilindoni,-7.9139,78.78,78,14,6.13,TZ,1635628079
459,Khorramshahr,30.4397,78.75,70,41,6.98,IR,1635628081
460,Wenling,28.3669,55.9,82,0,6.24,CN,1635628082
461,Geraldton,-28.7667,52.21,82,0,9.22,AU,1635627448
462,Krasnyy Chikoy,50.3643,24.39,60,13,3.71,RU,1635628085
463,Antofagasta,-23.65,61.88,64,10,5.95,CL,1635628086
464,Esperance,-33.8667,56.21,69,13,14.83,AU,1635628088
465,General Pico,-35.6566,77.76,39,100,24.34,AR,1635628089
466,Humberto de Campos,-2.5983,80.02,75,48,6.46,BR,1635628091
467,Miraflores,19.2167,71.85,38,42,1.25,MX,1635628093
468,Winnemucca,40.973,66.25,39,1,5.75,US,1635628094
469,Sanguéya,10.7,74.3,94,99,1.05,GN,1635628096
470,Aswān,24.0934,85.23,27,81,5.61,EG,1635628097
471,Yarmouth,41.7057,60.98,92,90,8.99,US,1635628065
472,Lehre,52.3333,54.36,74,75,8.05,DE,1635628100
473,Kolokani,13.5728,82.54,32,95,1.48,ML,1635628101
474,Bom Jesus,-9.0744,88.75,31,55,3.71,BR,1635628102
475,Dunmore East,52.1514,54.97,75,100,22.57,IE,1635628104
476,Okakarara,-20.5833,76.14,18,1,14.12,NA,1635628105
477,Balsas,-7.5325,87.28,40,93,2.95,BR,1635628107
478,Sabha,27.0377,70.45,27,3,3.51,LY,1635628108
479,Tual,-5.6667,83.16,72,68,5.7,ID,1635628109
480,Bilma,18.6853,83.19,22,27,19.71,NE,1635627727
481,Kargasok,59.0556,24.12,73,100,7.85,RU,1635628112
482,Naryan-Mar,67.6713,17.49,91,100,12.57,RU,1635627700
483,Malakanagiri,18.35,72.93,92,98,0.27,IN,1635627968
484,Tokur,53.1333,8.24,94,17,1.14,RU,1635627688
485,St. George's,12.0564,83.88,70,20,13.8,GD,1635628116
486,Cururupu,-1.8283,77.36,83,28,3.71,BR,1635628118
487,Kayerkan,69.3497,11.61,96,100,1.81,RU,1635628119
488,Rio Grande,-32.035,72.95,82,73,19.91,BR,1635628121
489,Leshukonskoye,64.8989,32.22,97,100,4.45,RU,1635628123
490,Zaykovo,57.5613,28.65,87,83,8.41,RU,1635628125
491,Lerwick,60.1545,48.2,94,100,9.66,GB,1635628126
492,Khani,41.9563,53.17,75,14,5.64,GE,1635628128
493,Muzhi,65.3667,0.36,94,21,4.56,RU,1635628129
494,Giohar,2.7809,77.36,76,27,11.7,SO,1635628130
495,Pantai Remis,4.4557,76.66,87,97,5.91,MY,1635628132
496,Krasnodarskiy Kray,45.0,44.02,76,0,11.07,RU,1635628133
497,Hobyo,5.3505,80.31,69,7,14.7,SO,1635627824
498,Safi,32.2994,65.5,85,8,1.92,MA,1635628136
499,Betamcherla,15.4667,72.68,89,91,3.6,IN,1635628137
500,Yangi Marg`ilon,40.4272,49.71,46,100,1.74,UZ,1635628139
501,San Luis,-33.295,75.07,60,52,17.13,AR,1635628137
502,Santa Isabel,-23.3156,67.8,93,100,8.77,BR,1635628142
503,Brae,60.3964,48.11,94,100,3.78,GB,1635628143
504,Dhidhdhoo,6.8833,80.19,80,81,6.22,MV,1635628145
505,Pudozh,61.8099,42.62,95,92,6.96,RU,1635628146
506,Anloga,5.7947,81.79,80,59,11.9,GH,1635628147
507,Cabedelo,-6.9811,78.96,71,5,16.2,BR,1635627642
508,Aromashevo,56.8602,28.76,97,100,7.2,RU,1635628150
509,Rodolfo Sánchez Taboada,31.7167,67.1,76,21,3.0,MX,1635628088
510,Arganil,40.2183,62.76,97,100,3.56,PT,1635627856
511,Tabou,4.423,77.85,87,100,5.55,CI,1635628154
512,Tupik,54.4253,20.8,44,43,4.18,RU,1635628156
513,Nemuro,43.3236,49.57,76,56,10.78,JP,1635628115
514,Arrondissement de Saint-Denis,48.9167,52.27,90,0,4.61,FR,1635628160
515,Korla,41.7597,47.64,34,42,1.07,CN,1635627827
516,Santa Isabel Rio Negro,-0.4139,85.87,66,89,1.07,BR,1635628162
517,Oktyabr'skiy,54.4815,44.33,95,100,8.37,RU,1635628164
518,Vilyuysk,63.7553,13.64,83,100,9.98,RU,1635628165
519,Strezhevoy,60.7333,10.38,98,85,4.07,RU,1635628167
520,Snezhnogorsk,69.1933,22.78,91,100,3.38,RU,1635628168
521,Nishihara,26.1842,70.88,73,20,5.75,JP,1635628170
522,Altamira,-3.2033,81.91,63,46,0.98,BR,1635628171
523,Gamba,-2.65,76.62,91,100,7.27,GA,1635628173
524,La Ronge,55.1001,36.81,63,100,12.59,CA,1635628177
525,Birao,10.2849,78.51,27,98,1.59,CF,1635627763
526,Moose Factory,51.2585,45.66,77,7,4.9,CA,1635628179
527,Tooele,40.5308,62.53,63,1,8.05,US,1635628181
528,Godda,24.8333,70.75,51,78,2.21,IN,1635628183
529,Eucaliptus,-17.5833,59.67,39,49,18.23,BO,1635628185
530,La Crosse,43.8014,60.3,60,1,1.99,US,1635627998
531,Ambatolampy,-19.3833,56.97,90,81,2.59,MG,1635628187
532,Hastings,50.8552,49.86,79,90,15.01,GB,1635627601
533,Meulaboh,4.1363,75.47,88,100,4.41,ID,1635628190
534,Coahuayana Viejo,18.7333,87.42,63,12,5.97,MX,1635628191
535,Varkaus,62.3153,44.29,92,91,7.56,FI,1635628194
536,Sioux Lookout,50.1001,44.67,87,90,8.05,CA,1635628195
537,Coffs Harbour,-30.3,57.16,94,75,12.66,AU,1635628197
538,Wajid,3.8093,80.28,41,97,13.65,SO,1635628198
539,East Bethel,45.3194,58.06,56,40,1.01,US,1635628200
540,Itarema,-2.9248,80.55,74,26,12.24,BR,1635628203
541,Imbituba,-28.24,66.81,94,100,11.54,BR,1635628205
542,Angoche,-16.2325,74.59,73,3,8.68,MZ,1635628206
543,Boende,-0.2167,73.54,85,85,2.46,CD,1635628208
544,Trairi,-3.2778,79.92,75,19,8.68,BR,1635627346
545,Salalah,17.0151,78.89,65,0,4.61,OM,1635628210
546,Ust'-Ordynskiy,52.805,31.84,85,64,4.32,RU,1635628212
547,Ivolginsk,51.7492,13.66,92,97,2.24,RU,1635628213
548,Lufilufi,-13.8745,83.79,74,99,15.95,WS,1635628215
549,Dunedin,-45.8742,59.81,90,50,11.01,NZ,1635628164
550,Stornoway,58.2093,43.52,93,6,8.05,GB,1635628218
551,Praia da Vitória,38.7333,70.75,88,100,12.64,PT,1635628220
552,Kalmunai,7.4167,77.5,89,100,7.52,LK,1635628221
553,Chitral,35.8462,49.69,33,0,8.28,PK,1635628223
554,Cam Ranh,11.9214,76.96,94,75,4.61,VN,1635628224
555,Uglovskoye,51.3557,34.2,73,95,10.47,RU,1635628225
556,Hamilton,39.1834,54.3,94,90,1.01,US,1635628097
557,Palu,-0.8917,74.61,96,100,2.04,ID,1635628058
558,Engenheiro Beltrão,-23.7972,73.15,80,99,4.99,BR,1635628229
559,Linjiang,41.8069,45.79,93,96,0.29,CN,1635628231
560,Maumere,-8.6199,79.84,80,100,1.61,ID,1635628232
561,Keetmanshoop,-26.5833,75.7,20,0,9.6,NA,1635628234
562,Jinji,23.2281,65.08,97,100,2.62,CN,1635628235
563,Cedar City,37.6775,66.9,30,1,17.27,US,1635628237
564,Danjiangkou,32.5428,59.97,68,100,1.74,CN,1635628238
565,Yar-Sale,66.8333,10.56,90,100,17.94,RU,1635627770
566,Wynyard,-41.0,51.98,84,100,9.69,AU,1635628241
567,Polunochnoye,60.8697,14.43,98,73,2.39,RU,1635628200
568,Alpena,45.0617,51.73,79,90,3.0,US,1635628243
569,Puntarenas,9.9763,80.53,81,100,3.15,CR,1635628148
570,Kushima,31.4583,61.03,94,83,8.9,JP,1635628246
571,Petropavlovsk-Kamchatskiy,53.0452,28.99,74,40,4.47,RU,1635628247
572,Pedro Carbo,-1.8333,87.21,53,80,11.32,EC,1635628248
573,Cervo,43.6702,62.96,80,29,7.49,ES,1635627712
574,Kumul,42.8,50.56,43,100,3.29,CN,1635627995
575,Yenagoa,4.9247,76.95,94,100,3.65,NG,1635628252
576,Kahului,20.8947,81.81,63,20,12.66,US,1635628026
577,Ciudad del Carmen,18.6333,84.24,45,1,9.22,MX,1635628256
578,Iqaluit,63.7506,36.7,64,100,15.99,CA,1635628257
579,Roald,62.5833,49.23,76,0,5.75,NO,1635628258
580,Puerto Baquerizo Moreno,-0.9,70.79,83,75,13.8,EC,1635628260
581,Chāndur,19.7333,67.33,71,69,5.61,IN,1635628261
582,Boyolangu,-8.1181,76.3,91,100,0.96,ID,1635628263
583,Amazar,53.858,19.74,63,25,2.24,RU,1635628265
584,Vizinga,61.0749,31.06,98,84,2.75,RU,1635628266
585,Litovko,49.2361,35.42,60,100,8.21,RU,1635628267
586,Wanning,18.8003,76.01,87,90,9.28,CN,1635628269
587,Ukwā,21.9667,58.77,67,95,3.09,IN,1635628270
588,Farrukhābād,27.4,68.36,48,0,4.07,IN,1635628272
589,Aktash,50.3,20.64,73,100,3.71,RU,1635628220
590,Concepción,-36.827,64.2,63,0,11.5,CL,1635628275
591,Samarai,-10.6167,82.72,79,99,13.67,PG,1635628276
592,Archidona,37.0965,61.0,83,99,5.55,ES,1635628277
593,Kitimat,54.0524,42.91,54,100,4.83,CA,1635628032
